batch,tungstate_concentration,current_density,deposition_time,pH,overpotential,overpotential_slope,source
0,0.05,10,500,5.0,-358.0,0.00015,lab
0,0.05,50,300,6.0,-319.0,6.6e-05,lab
0,0.1,10,300,7.0,-377.0,0.0001,lab
0,0.1,10,600,8.0,-319.0,-0.000518,lab
0,0.1,50,600,7.5,-286.0,8e-05,lab
0,0.1,100,600,10.0,-312.0,2.9e-05,lab
0,0.1,50,400,6.5,-309.0,-5.7e-05,lab
0,0.1,30,600,8.5,-290.0,0.001656,lab
0,0.15,10,600,9.5,-329.0,0.000131,lab
0,0.15,50,300,9.5,-305.0,-6.4e-05,lab
1,0.0971334178303976,49,600,9.0,-260.0,-0.002,illustrative
1,0.1341364371744278,48,600,8.0,-255.0,-0.02,illustrative
1,0.0611594952854437,46,600,8.0,-245.0,-0.0004,illustrative
2,0.106002140175684,51,582,8.0,-245.0,-0.002,illustrative
2,0.05,50,600,8.0,-259.0,4e-05,illustrative
2,0.074426961697165,51,600,8.0,-269.0,-0.0034,illustrative
